Workbook
Name MemberNames: Team!$A$7:$A$12

Sheet Start here
A1: MarketStreet | Team tracker
A2: Weekly contributions, source evidence, and leader review · Updated through October 25, 2026
B4: Update one log. Keep every checkpoint clear.
B6: Open the Weekly log
B7: One row per member per week. Filter the Week column to find your checkpoint.
B9: Check the work and evidence
B10: Edit contributions and rating dropdowns. Add confirmed paired work, reviews, or testing done outside GitHub.
B12: Confirm all six entries
B13: Set Leader review to Confirmed after checking each row. Unverified entries need details before checkpoint sign-off.
B15: Add the next checkpoint
B16: Press Tab in the last table cell to add a row. Add six members for the new week, then copy an Overview week column and update its heading.
B19: Contribution ratings
B20: Delivered | C20: Attributable checkpoint deliverable in Git history.
B21: Supported | C21: Attributable correction, refinement, or integration work.
B22: Unverified | C22: No attributable checkpoint work located. Confirm with the member.
B24: These are provisional assessments of repository evidence, not grades or attendance records. Unverified does not mean no work was done. Do not approve a checkpoint until the leader has checked all six entries.
B28: Jump to the member-by-week overview

Sheet Overview
A1: Contributions at a glance
A2: Click any rating to edit its log entry · Ratings describe repository evidence and remain provisional until reviewed
A4: Backfilled: Weeks 3–6. Current coverage: Weeks 3–9. Amber cells need contribution details.
A6: Member | B6: Week 3 | C6: Week 4 | D6: Week 5 | E6: Week 6 | F6: Week 7 | G6: Week 8 | H6: Week 9 | I6: Week 10
A7: =Team!A7 -> Austin Tran Nguyen | B7: =IFERROR(HYPERLINK("#'Weekly log'!A"&(MATCH(1,INDEX(('Weekly log'!$A$7:$A$1000=B$6)*('Weekly log'!$B$7:$B$1000=$A7),0),0)+6),IF(COUNTIFS('Weekly log'!$A$7:$A$1000,B$6,'Weekly log'!$B$7:$B$1000,$A7)=0,"Missing",IF(COUNTIFS('Weekly log'!$A$7:$A$1000,B$6,'Weekly log'!$B$7:$B$1000,$A7,'Weekly log'!$E$7:$E$1000,"Delivered")>0,"Delivered",IF(COUNTIFS('Weekly log'!$A$7:$A$1000,B$6,'Weekly log'!$B$7:$B$1000,$A7,'Weekly log'!$E$7:$E$1000,"Supported")>0,"Supported","Unverified")))),"Missing") -> Delivered | C7: =IFERROR(HYPERLINK("#'Weekly log'!A"&(MATCH(1,INDEX(('Weekly log'!$A$7:$A$1000=C$6)*('Weekly log'!$B$7:$B$1000=$A7),0),0)+6),IF(COUNTIFS('Weekly log'!$A$7:$A$1000,C$6,'Weekly log'!$B$7:$B$1000,$A7)=0,"Missing",IF(COUNTIFS('Weekly log'!$A$7:$A$1000,C$6,'Weekly log'!$B$7:$B$1000,$A7,'Weekly log'!$E$7:$E$1000,"Delivered")>0,"Delivered",IF(COUNTIFS('Weekly log'!$A$7:$A$1000,C$6,'Weekly log'!$B$7:$B$1000,$A7,'Weekly log'!$E$7:$E$1000,"Supported")>0,"Supported","Unverified")))),"Missing") -> Delivered | D7: =IFERROR(HYPERLINK("#'Weekly log'!A"&(MATCH(1,INDEX(('Weekly log'!$A$7:$A$1000=D$6)*('Weekly log'!$B$7:$B$1000=$A7),0),0)+6),IF(COUNTIFS('Weekly log'!$A$7:$A$1000,D$6,'Weekly log'!$B$7:$B$1000,$A7)=0,"Missing",IF(COUNTIFS('Weekly log'!$A$7:$A$1000,D$6,'Weekly log'!$B$7:$B$1000,$A7,'Weekly log'!$E$7:$E$1000,"Delivered")>0,"Delivered",IF(COUNTIFS('Weekly log'!$A$7:$A$1000,D$6,'Weekly log'!$B$7:$B$1000,$A7,'Weekly log'!$E$7:$E$1000,"Supported")>0,"Supported","Unverified")))),"Missing") -> Delivered | E7: =IFERROR(HYPERLINK("#'Weekly log'!A"&(MATCH(1,INDEX(('Weekly log'!$A$7:$A$1000=E$6)*('Weekly log'!$B$7:$B$1000=$A7),0),0)+6),IF(COUNTIFS('Weekly log'!$A$7:$A$1000,E$6,'Weekly log'!$B$7:$B$1000,$A7)=0,"Missing",IF(COUNTIFS('Weekly log'!$A$7:$A$1000,E$6,'Weekly log'!$B$7:$B$1000,$A7,'Weekly log'!$E$7:$E$1000,"Delivered")>0,"Delivered",IF(COUNTIFS('Weekly log'!$A$7:$A$1000,E$6,'Weekly log'!$B$7:$B$1000,$A7,'Weekly log'!$E$7:$E$1000,"Supported")>0,"Supported","Unverified")))),"Missing") -> Delivered | F7: =IFERROR(HYPERLINK("#'Weekly log'!A"&(MATCH(1,INDEX(('Weekly log'!$A$7:$A$1000=F$6)*('Weekly log'!$B$7:$B$1000=$A7),0),0)+6),IF(COUNTIFS('Weekly log'!$A$7:$A$1000,F$6,'Weekly log'!$B$7:$B$1000,$A7)=0,"Missing",IF(COUNTIFS('Weekly log'!$A$7:$A$1000,F$6,'Weekly log'!$B$7:$B$1000,$A7,'Weekly log'!$E$7:$E$1000,"Delivered")>0,"Delivered",IF(COUNTIFS('Weekly log'!$A$7:$A$1000,F$6,'Weekly log'!$B$7:$B$1000,$A7,'Weekly log'!$E$7:$E$1000,"Supported")>0,"Supported","Unverified")))),"Missing") -> Delivered | G7: =IFERROR(HYPERLINK("#'Weekly log'!A"&(MATCH(1,INDEX(('Weekly log'!$A$7:$A$1000=G$6)*('Weekly log'!$B$7:$B$1000=$A7),0),0)+6),IF(COUNTIFS('Weekly log'!$A$7:$A$1000,G$6,'Weekly log'!$B$7:$B$1000,$A7)=0,"Missing",IF(COUNTIFS('Weekly log'!$A$7:$A$1000,G$6,'Weekly log'!$B$7:$B$1000,$A7,'Weekly log'!$E$7:$E$1000,"Delivered")>0,"Delivered",IF(COUNTIFS('Weekly log'!$A$7:$A$1000,G$6,'Weekly log'!$B$7:$B$1000,$A7,'Weekly log'!$E$7:$E$1000,"Supported")>0,"Supported","Unverified")))),"Missing") -> Unverified | H7: =IFERROR(HYPERLINK("#'Weekly log'!A"&(MATCH(1,INDEX(('Weekly log'!$A$7:$A$1000=H$6)*('Weekly log'!$B$7:$B$1000=$A7),0),0)+6),IF(COUNTIFS('Weekly log'!$A$7:$A$1000,H$6,'Weekly log'!$B$7:$B$1000,$A7)=0,"Missing",IF(COUNTIFS('Weekly log'!$A$7:$A$1000,H$6,'Weekly log'!$B$7:$B$1000,$A7,'Weekly log'!$E$7:$E$1000,"Delivered")>0,"Delivered",IF(COUNTIFS('Weekly log'!$A$7:$A$1000,H$6,'Weekly log'!$B$7:$B$1000,$A7,'Weekly log'!$E$7:$E$1000,"Supported")>0,"Supported","Unverified")))),"Missing") -> Supported | I7: =IFERROR(HYPERLINK("#'Weekly log'!A"&(MATCH(1,INDEX(('Weekly log'!$A$7:$A$1000=I$6)*('Weekly log'!$B$7:$B$1000=$A7),0),0)+6),IF(COUNTIFS('Weekly log'!$A$7:$A$1000,I$6,'Weekly log'!$B$7:$B$1000,$A7)=0,"Missing",IF(COUNTIFS('Weekly log'!$A$7:$A$1000,I$6,'Weekly log'!$B$7:$B$1000,$A7,'Weekly log'!$E$7:$E$1000,"Delivered")>0,"Delivered",IF(COUNTIFS('Weekly log'!$A$7:$A$1000,I$6,'Weekly log'!$B$7:$B$1000,$A7,'Weekly log'!$E$7:$E$1000,"Supported")>0,"Supported","Unverified")))),"Missing") -> Delivered
A8: =Team!A8 -> Sophia Musetti | B8: =IFERROR(HYPERLINK("#'Weekly log'!A"&(MATCH(1,INDEX(('Weekly log'!$A$7:$A$1000=B$6)*('Weekly log'!$B$7:$B$1000=$A8),0),0)+6),IF(COUNTIFS('Weekly log'!$A$7:$A$1000,B$6,'Weekly log'!$B$7:$B$1000,$A8)=0,"Missing",IF(COUNTIFS('Weekly log'!$A$7:$A$1000,B$6,'Weekly log'!$B$7:$B$1000,$A8,'Weekly log'!$E$7:$E$1000,"Delivered")>0,"Delivered",IF(COUNTIFS('Weekly log'!$A$7:$A$1000,B$6,'Weekly log'!$B$7:$B$1000,$A8,'Weekly log'!$E$7:$E$1000,"Supported")>0,"Supported","Unverified")))),"Missing") -> Delivered | C8: =IFERROR(HYPERLINK("#'Weekly log'!A"&(MATCH(1,INDEX(('Weekly log'!$A$7:$A$1000=C$6)*('Weekly log'!$B$7:$B$1000=$A8),0),0)+6),IF(COUNTIFS('Weekly log'!$A$7:$A$1000,C$6,'Weekly log'!$B$7:$B$1000,$A8)=0,"Missing",IF(COUNTIFS('Weekly log'!$A$7:$A$1000,C$6,'Weekly log'!$B$7:$B$1000,$A8,'Weekly log'!$E$7:$E$1000,"Delivered")>0,"Delivered",IF(COUNTIFS('Weekly log'!$A$7:$A$1000,C$6,'Weekly log'!$B$7:$B$1000,$A8,'Weekly log'!$E$7:$E$1000,"Supported")>0,"Supported","Unverified")))),"Missing") -> Supported | D8: =IFERROR(HYPERLINK("#'Weekly log'!A"&(MATCH(1,INDEX(('Weekly log'!$A$7:$A$1000=D$6)*('Weekly log'!$B$7:$B$1000=$A8),0),0)+6),IF(COUNTIFS('Weekly log'!$A$7:$A$1000,D$6,'Weekly log'!$B$7:$B$1000,$A8)=0,"Missing",IF(COUNTIFS('Weekly log'!$A$7:$A$1000,D$6,'Weekly log'!$B$7:$B$1000,$A8,'Weekly log'!$E$7:$E$1000,"Delivered")>0,"Delivered",IF(COUNTIFS('Weekly log'!$A$7:$A$1000,D$6,'Weekly log'!$B$7:$B$1000,$A8,'Weekly log'!$E$7:$E$1000,"Supported")>0,"Supported","Unverified")))),"Missing") -> Delivered | E8: =IFERROR(HYPERLINK("#'Weekly log'!A"&(MATCH(1,INDEX(('Weekly log'!$A$7:$A$1000=E$6)*('Weekly log'!$B$7:$B$1000=$A8),0),0)+6),IF(COUNTIFS('Weekly log'!$A$7:$A$1000,E$6,'Weekly log'!$B$7:$B$1000,$A8)=0,"Missing",IF(COUNTIFS('Weekly log'!$A$7:$A$1000,E$6,'Weekly log'!$B$7:$B$1000,$A8,'Weekly log'!$E$7:$E$1000,"Delivered")>0,"Delivered",IF(COUNTIFS('Weekly log'!$A$7:$A$1000,E$6,'Weekly log'!$B$7:$B$1000,$A8,'Weekly log'!$E$7:$E$1000,"Supported")>0,"Supported","Unverified")))),"Missing") -> Delivered | F8: =IFERROR(HYPERLINK("#'Weekly log'!A"&(MATCH(1,INDEX(('Weekly log'!$A$7:$A$1000=F$6)*('Weekly log'!$B$7:$B$1000=$A8),0),0)+6),IF(COUNTIFS('Weekly log'!$A$7:$A$1000,F$6,'Weekly log'!$B$7:$B$1000,$A8)=0,"Missing",IF(COUNTIFS('Weekly log'!$A$7:$A$1000,F$6,'Weekly log'!$B$7:$B$1000,$A8,'Weekly log'!$E$7:$E$1000,"Delivered")>0,"Delivered",IF(COUNTIFS('Weekly log'!$A$7:$A$1000,F$6,'Weekly log'!$B$7:$B$1000,$A8,'Weekly log'!$E$7:$E$1000,"Supported")>0,"Supported","Unverified")))),"Missing") -> Unverified | G8: =IFERROR(HYPERLINK("#'Weekly log'!A"&(MATCH(1,INDEX(('Weekly log'!$A$7:$A$1000=G$6)*('Weekly log'!$B$7:$B$1000=$A8),0),0)+6),IF(COUNTIFS('Weekly log'!$A$7:$A$1000,G$6,'Weekly log'!$B$7:$B$1000,$A8)=0,"Missing",IF(COUNTIFS('Weekly log'!$A$7:$A$1000,G$6,'Weekly log'!$B$7:$B$1000,$A8,'Weekly log'!$E$7:$E$1000,"Delivered")>0,"Delivered",IF(COUNTIFS('Weekly log'!$A$7:$A$1000,G$6,'Weekly log'!$B$7:$B$1000,$A8,'Weekly log'!$E$7:$E$1000,"Supported")>0,"Supported","Unverified")))),"Missing") -> Delivered | H8: =IFERROR(HYPERLINK("#'Weekly log'!A"&(MATCH(1,INDEX(('Weekly log'!$A$7:$A$1000=H$6)*('Weekly log'!$B$7:$B$1000=$A8),0),0)+6),IF(COUNTIFS('Weekly log'!$A$7:$A$1000,H$6,'Weekly log'!$B$7:$B$1000,$A8)=0,"Missing",IF(COUNTIFS('Weekly log'!$A$7:$A$1000,H$6,'Weekly log'!$B$7:$B$1000,$A8,'Weekly log'!$E$7:$E$1000,"Delivered")>0,"Delivered",IF(COUNTIFS('Weekly log'!$A$7:$A$1000,H$6,'Weekly log'!$B$7:$B$1000,$A8,'Weekly log'!$E$7:$E$1000,"Supported")>0,"Supported","Unverified")))),"Missing") -> Delivered | I8: =IFERROR(HYPERLINK("#'Weekly log'!A"&(MATCH(1,INDEX(('Weekly log'!$A$7:$A$1000=I$6)*('Weekly log'!$B$7:$B$1000=$A8),0),0)+6),IF(COUNTIFS('Weekly log'!$A$7:$A$1000,I$6,'Weekly log'!$B$7:$B$1000,$A8)=0,"Missing",IF(COUNTIFS('Weekly log'!$A$7:$A$1000,I$6,'Weekly log'!$B$7:$B$1000,$A8,'Weekly log'!$E$7:$E$1000,"Delivered")>0,"Delivered",IF(COUNTIFS('Weekly log'!$A$7:$A$1000,I$6,'Weekly log'!$B$7:$B$1000,$A8,'Weekly log'!$E$7:$E$1000,"Supported")>0,"Supported","Unverified")))),"Missing") -> Delivered
A9: =Team!A9 -> Arya Nair | B9: =IFERROR(HYPERLINK("#'Weekly log'!A"&(MATCH(1,INDEX(('Weekly log'!$A$7:$A$1000=B$6)*('Weekly log'!$B$7:$B$1000=$A9),0),0)+6),IF(COUNTIFS('Weekly log'!$A$7:$A$1000,B$6,'Weekly log'!$B$7:$B$1000,$A9)=0,"Missing",IF(COUNTIFS('Weekly log'!$A$7:$A$1000,B$6,'Weekly log'!$B$7:$B$1000,$A9,'Weekly log'!$E$7:$E$1000,"Delivered")>0,"Delivered",IF(COUNTIFS('Weekly log'!$A$7:$A$1000,B$6,'Weekly log'!$B$7:$B$1000,$A9,'Weekly log'!$E$7:$E$1000,"Supported")>0,"Supported","Unverified")))),"Missing") -> Delivered | C9: =IFERROR(HYPERLINK("#'Weekly log'!A"&(MATCH(1,INDEX(('Weekly log'!$A$7:$A$1000=C$6)*('Weekly log'!$B$7:$B$1000=$A9),0),0)+6),IF(COUNTIFS('Weekly log'!$A$7:$A$1000,C$6,'Weekly log'!$B$7:$B$1000,$A9)=0,"Missing",IF(COUNTIFS('Weekly log'!$A$7:$A$1000,C$6,'Weekly log'!$B$7:$B$1000,$A9,'Weekly log'!$E$7:$E$1000,"Delivered")>0,"Delivered",IF(COUNTIFS('Weekly log'!$A$7:$A$1000,C$6,'Weekly log'!$B$7:$B$1000,$A9,'Weekly log'!$E$7:$E$1000,"Supported")>0,"Supported","Unverified")))),"Missing") -> Unverified | D9: =IFERROR(HYPERLINK("#'Weekly log'!A"&(MATCH(1,INDEX(('Weekly log'!$A$7:$A$1000=D$6)*('Weekly log'!$B$7:$B$1000=$A9),0),0)+6),IF(COUNTIFS('Weekly log'!$A$7:$A$1000,D$6,'Weekly log'!$B$7:$B$1000,$A9)=0,"Missing",IF(COUNTIFS('Weekly log'!$A$7:$A$1000,D$6,'Weekly log'!$B$7:$B$1000,$A9,'Weekly log'!$E$7:$E$1000,"Delivered")>0,"Delivered",IF(COUNTIFS('Weekly log'!$A$7:$A$1000,D$6,'Weekly log'!$B$7:$B$1000,$A9,'Weekly log'!$E$7:$E$1000,"Supported")>0,"Supported","Unverified")))),"Missing") -> Supported | E9: =IFERROR(HYPERLINK("#'Weekly log'!A"&(MATCH(1,INDEX(('Weekly log'!$A$7:$A$1000=E$6)*('Weekly log'!$B$7:$B$1000=$A9),0),0)+6),IF(COUNTIFS('Weekly log'!$A$7:$A$1000,E$6,'Weekly log'!$B$7:$B$1000,$A9)=0,"Missing",IF(COUNTIFS('Weekly log'!$A$7:$A$1000,E$6,'Weekly log'!$B$7:$B$1000,$A9,'Weekly log'!$E$7:$E$1000,"Delivered")>0,"Delivered",IF(COUNTIFS('Weekly log'!$A$7:$A$1000,E$6,'Weekly log'!$B$7:$B$1000,$A9,'Weekly log'!$E$7:$E$1000,"Supported")>0,"Supported","Unverified")))),"Missing") -> Unverified | F9: =IFERROR(HYPERLINK("#'Weekly log'!A"&(MATCH(1,INDEX(('Weekly log'!$A$7:$A$1000=F$6)*('Weekly log'!$B$7:$B$1000=$A9),0),0)+6),IF(COUNTIFS('Weekly log'!$A$7:$A$1000,F$6,'Weekly log'!$B$7:$B$1000,$A9)=0,"Missing",IF(COUNTIFS('Weekly log'!$A$7:$A$1000,F$6,'Weekly log'!$B$7:$B$1000,$A9,'Weekly log'!$E$7:$E$1000,"Delivered")>0,"Delivered",IF(COUNTIFS('Weekly log'!$A$7:$A$1000,F$6,'Weekly log'!$B$7:$B$1000,$A9,'Weekly log'!$E$7:$E$1000,"Supported")>0,"Supported","Unverified")))),"Missing") -> Unverified | G9: =IFERROR(HYPERLINK("#'Weekly log'!A"&(MATCH(1,INDEX(('Weekly log'!$A$7:$A$1000=G$6)*('Weekly log'!$B$7:$B$1000=$A9),0),0)+6),IF(COUNTIFS('Weekly log'!$A$7:$A$1000,G$6,'Weekly log'!$B$7:$B$1000,$A9)=0,"Missing",IF(COUNTIFS('Weekly log'!$A$7:$A$1000,G$6,'Weekly log'!$B$7:$B$1000,$A9,'Weekly log'!$E$7:$E$1000,"Delivered")>0,"Delivered",IF(COUNTIFS('Weekly log'!$A$7:$A$1000,G$6,'Weekly log'!$B$7:$B$1000,$A9,'Weekly log'!$E$7:$E$1000,"Supported")>0,"Supported","Unverified")))),"Missing") -> Unverified | H9: =IFERROR(HYPERLINK("#'Weekly log'!A"&(MATCH(1,INDEX(('Weekly log'!$A$7:$A$1000=H$6)*('Weekly log'!$B$7:$B$1000=$A9),0),0)+6),IF(COUNTIFS('Weekly log'!$A$7:$A$1000,H$6,'Weekly log'!$B$7:$B$1000,$A9)=0,"Missing",IF(COUNTIFS('Weekly log'!$A$7:$A$1000,H$6,'Weekly log'!$B$7:$B$1000,$A9,'Weekly log'!$E$7:$E$1000,"Delivered")>0,"Delivered",IF(COUNTIFS('Weekly log'!$A$7:$A$1000,H$6,'Weekly log'!$B$7:$B$1000,$A9,'Weekly log'!$E$7:$E$1000,"Supported")>0,"Supported","Unverified")))),"Missing") -> Unverified | I9: =IFERROR(HYPERLINK("#'Weekly log'!A"&(MATCH(1,INDEX(('Weekly log'!$A$7:$A$1000=I$6)*('Weekly log'!$B$7:$B$1000=$A9),0),0)+6),IF(COUNTIFS('Weekly log'!$A$7:$A$1000,I$6,'Weekly log'!$B$7:$B$1000,$A9)=0,"Missing",IF(COUNTIFS('Weekly log'!$A$7:$A$1000,I$6,'Weekly log'!$B$7:$B$1000,$A9,'Weekly log'!$E$7:$E$1000,"Delivered")>0,"Delivered",IF(COUNTIFS('Weekly log'!$A$7:$A$1000,I$6,'Weekly log'!$B$7:$B$1000,$A9,'Weekly log'!$E$7:$E$1000,"Supported")>0,"Supported","Unverified")))),"Missing") -> Delivered
A10: =Team!A10 -> Benjamin Nguyen | B10: =IFERROR(HYPERLINK("#'Weekly log'!A"&(MATCH(1,INDEX(('Weekly log'!$A$7:$A$1000=B$6)*('Weekly log'!$B$7:$B$1000=$A10),0),0)+6),IF(COUNTIFS('Weekly log'!$A$7:$A$1000,B$6,'Weekly log'!$B$7:$B$1000,$A10)=0,"Missing",IF(COUNTIFS('Weekly log'!$A$7:$A$1000,B$6,'Weekly log'!$B$7:$B$1000,$A10,'Weekly log'!$E$7:$E$1000,"Delivered")>0,"Delivered",IF(COUNTIFS('Weekly log'!$A$7:$A$1000,B$6,'Weekly log'!$B$7:$B$1000,$A10,'Weekly log'!$E$7:$E$1000,"Supported")>0,"Supported","Unverified")))),"Missing") -> Delivered | C10: =IFERROR(HYPERLINK("#'Weekly log'!A"&(MATCH(1,INDEX(('Weekly log'!$A$7:$A$1000=C$6)*('Weekly log'!$B$7:$B$1000=$A10),0),0)+6),IF(COUNTIFS('Weekly log'!$A$7:$A$1000,C$6,'Weekly log'!$B$7:$B$1000,$A10)=0,"Missing",IF(COUNTIFS('Weekly log'!$A$7:$A$1000,C$6,'Weekly log'!$B$7:$B$1000,$A10,'Weekly log'!$E$7:$E$1000,"Delivered")>0,"Delivered",IF(COUNTIFS('Weekly log'!$A$7:$A$1000,C$6,'Weekly log'!$B$7:$B$1000,$A10,'Weekly log'!$E$7:$E$1000,"Supported")>0,"Supported","Unverified")))),"Missing") -> Supported | D10: =IFERROR(HYPERLINK("#'Weekly log'!A"&(MATCH(1,INDEX(('Weekly log'!$A$7:$A$1000=D$6)*('Weekly log'!$B$7:$B$1000=$A10),0),0)+6),IF(COUNTIFS('Weekly log'!$A$7:$A$1000,D$6,'Weekly log'!$B$7:$B$1000,$A10)=0,"Missing",IF(COUNTIFS('Weekly log'!$A$7:$A$1000,D$6,'Weekly log'!$B$7:$B$1000,$A10,'Weekly log'!$E$7:$E$1000,"Delivered")>0,"Delivered",IF(COUNTIFS('Weekly log'!$A$7:$A$1000,D$6,'Weekly log'!$B$7:$B$1000,$A10,'Weekly log'!$E$7:$E$1000,"Supported")>0,"Supported","Unverified")))),"Missing") -> Unverified | E10: =IFERROR(HYPERLINK("#'Weekly log'!A"&(MATCH(1,INDEX(('Weekly log'!$A$7:$A$1000=E$6)*('Weekly log'!$B$7:$B$1000=$A10),0),0)+6),IF(COUNTIFS('Weekly log'!$A$7:$A$1000,E$6,'Weekly log'!$B$7:$B$1000,$A10)=0,"Missing",IF(COUNTIFS('Weekly log'!$A$7:$A$1000,E$6,'Weekly log'!$B$7:$B$1000,$A10,'Weekly log'!$E$7:$E$1000,"Delivered")>0,"Delivered",IF(COUNTIFS('Weekly log'!$A$7:$A$1000,E$6,'Weekly log'!$B$7:$B$1000,$A10,'Weekly log'!$E$7:$E$1000,"Supported")>0,"Supported","Unverified")))),"Missing") -> Supported | F10: =IFERROR(HYPERLINK("#'Weekly log'!A"&(MATCH(1,INDEX(('Weekly log'!$A$7:$A$1000=F$6)*('Weekly log'!$B$7:$B$1000=$A10),0),0)+6),IF(COUNTIFS('Weekly log'!$A$7:$A$1000,F$6,'Weekly log'!$B$7:$B$1000,$A10)=0,"Missing",IF(COUNTIFS('Weekly log'!$A$7:$A$1000,F$6,'Weekly log'!$B$7:$B$1000,$A10,'Weekly log'!$E$7:$E$1000,"Delivered")>0,"Delivered",IF(COUNTIFS('Weekly log'!$A$7:$A$1000,F$6,'Weekly log'!$B$7:$B$1000,$A10,'Weekly log'!$E$7:$E$1000,"Supported")>0,"Supported","Unverified")))),"Missing") -> Supported | G10: =IFERROR(HYPERLINK("#'Weekly log'!A"&(MATCH(1,INDEX(('Weekly log'!$A$7:$A$1000=G$6)*('Weekly log'!$B$7:$B$1000=$A10),0),0)+6),IF(COUNTIFS('Weekly log'!$A$7:$A$1000,G$6,'Weekly log'!$B$7:$B$1000,$A10)=0,"Missing",IF(COUNTIFS('Weekly log'!$A$7:$A$1000,G$6,'Weekly log'!$B$7:$B$1000,$A10,'Weekly log'!$E$7:$E$1000,"Delivered")>0,"Delivered",IF(COUNTIFS('Weekly log'!$A$7:$A$1000,G$6,'Weekly log'!$B$7:$B$1000,$A10,'Weekly log'!$E$7:$E$1000,"Supported")>0,"Supported","Unverified")))),"Missing") -> Supported | H10: =IFERROR(HYPERLINK("#'Weekly log'!A"&(MATCH(1,INDEX(('Weekly log'!$A$7:$A$1000=H$6)*('Weekly log'!$B$7:$B$1000=$A10),0),0)+6),IF(COUNTIFS('Weekly log'!$A$7:$A$1000,H$6,'Weekly log'!$B$7:$B$1000,$A10)=0,"Missing",IF(COUNTIFS('Weekly log'!$A$7:$A$1000,H$6,'Weekly log'!$B$7:$B$1000,$A10,'Weekly log'!$E$7:$E$1000,"Delivered")>0,"Delivered",IF(COUNTIFS('Weekly log'!$A$7:$A$1000,H$6,'Weekly log'!$B$7:$B$1000,$A10,'Weekly log'!$E$7:$E$1000,"Supported")>0,"Supported","Unverified")))),"Missing") -> Unverified | I10: =IFERROR(HYPERLINK("#'Weekly log'!A"&(MATCH(1,INDEX(('Weekly log'!$A$7:$A$1000=I$6)*('Weekly log'!$B$7:$B$1000=$A10),0),0)+6),IF(COUNTIFS('Weekly log'!$A$7:$A$1000,I$6,'Weekly log'!$B$7:$B$1000,$A10)=0,"Missing",IF(COUNTIFS('Weekly log'!$A$7:$A$1000,I$6,'Weekly log'!$B$7:$B$1000,$A10,'Weekly log'!$E$7:$E$1000,"Delivered")>0,"Delivered",IF(COUNTIFS('Weekly log'!$A$7:$A$1000,I$6,'Weekly log'!$B$7:$B$1000,$A10,'Weekly log'!$E$7:$E$1000,"Supported")>0,"Supported","Unverified")))),"Missing") -> Delivered
A11: =Team!A11 -> Shayaan M. Dawra | B11: =IFERROR(HYPERLINK("#'Weekly log'!A"&(MATCH(1,INDEX(('Weekly log'!$A$7:$A$1000=B$6)*('Weekly log'!$B$7:$B$1000=$A11),0),0)+6),IF(COUNTIFS('Weekly log'!$A$7:$A$1000,B$6,'Weekly log'!$B$7:$B$1000,$A11)=0,"Missing",IF(COUNTIFS('Weekly log'!$A$7:$A$1000,B$6,'Weekly log'!$B$7:$B$1000,$A11,'Weekly log'!$E$7:$E$1000,"Delivered")>0,"Delivered",IF(COUNTIFS('Weekly log'!$A$7:$A$1000,B$6,'Weekly log'!$B$7:$B$1000,$A11,'Weekly log'!$E$7:$E$1000,"Supported")>0,"Supported","Unverified")))),"Missing") -> Delivered | C11: =IFERROR(HYPERLINK("#'Weekly log'!A"&(MATCH(1,INDEX(('Weekly log'!$A$7:$A$1000=C$6)*('Weekly log'!$B$7:$B$1000=$A11),0),0)+6),IF(COUNTIFS('Weekly log'!$A$7:$A$1000,C$6,'Weekly log'!$B$7:$B$1000,$A11)=0,"Missing",IF(COUNTIFS('Weekly log'!$A$7:$A$1000,C$6,'Weekly log'!$B$7:$B$1000,$A11,'Weekly log'!$E$7:$E$1000,"Delivered")>0,"Delivered",IF(COUNTIFS('Weekly log'!$A$7:$A$1000,C$6,'Weekly log'!$B$7:$B$1000,$A11,'Weekly log'!$E$7:$E$1000,"Supported")>0,"Supported","Unverified")))),"Missing") -> Unverified | D11: =IFERROR(HYPERLINK("#'Weekly log'!A"&(MATCH(1,INDEX(('Weekly log'!$A$7:$A$1000=D$6)*('Weekly log'!$B$7:$B$1000=$A11),0),0)+6),IF(COUNTIFS('Weekly log'!$A$7:$A$1000,D$6,'Weekly log'!$B$7:$B$1000,$A11)=0,"Missing",IF(COUNTIFS('Weekly log'!$A$7:$A$1000,D$6,'Weekly log'!$B$7:$B$1000,$A11,'Weekly log'!$E$7:$E$1000,"Delivered")>0,"Delivered",IF(COUNTIFS('Weekly log'!$A$7:$A$1000,D$6,'Weekly log'!$B$7:$B$1000,$A11,'Weekly log'!$E$7:$E$1000,"Supported")>0,"Supported","Unverified")))),"Missing") -> Unverified | E11: =IFERROR(HYPERLINK("#'Weekly log'!A"&(MATCH(1,INDEX(('Weekly log'!$A$7:$A$1000=E$6)*('Weekly log'!$B$7:$B$1000=$A11),0),0)+6),IF(COUNTIFS('Weekly log'!$A$7:$A$1000,E$6,'Weekly log'!$B$7:$B$1000,$A11)=0,"Missing",IF(COUNTIFS('Weekly log'!$A$7:$A$1000,E$6,'Weekly log'!$B$7:$B$1000,$A11,'Weekly log'!$E$7:$E$1000,"Delivered")>0,"Delivered",IF(COUNTIFS('Weekly log'!$A$7:$A$1000,E$6,'Weekly log'!$B$7:$B$1000,$A11,'Weekly log'!$E$7:$E$1000,"Supported")>0,"Supported","Unverified")))),"Missing") -> Unverified | F11: =IFERROR(HYPERLINK("#'Weekly log'!A"&(MATCH(1,INDEX(('Weekly log'!$A$7:$A$1000=F$6)*('Weekly log'!$B$7:$B$1000=$A11),0),0)+6),IF(COUNTIFS('Weekly log'!$A$7:$A$1000,F$6,'Weekly log'!$B$7:$B$1000,$A11)=0,"Missing",IF(COUNTIFS('Weekly log'!$A$7:$A$1000,F$6,'Weekly log'!$B$7:$B$1000,$A11,'Weekly log'!$E$7:$E$1000,"Delivered")>0,"Delivered",IF(COUNTIFS('Weekly log'!$A$7:$A$1000,F$6,'Weekly log'!$B$7:$B$1000,$A11,'Weekly log'!$E$7:$E$1000,"Supported")>0,"Supported","Unverified")))),"Missing") -> Unverified | G11: =IFERROR(HYPERLINK("#'Weekly log'!A"&(MATCH(1,INDEX(('Weekly log'!$A$7:$A$1000=G$6)*('Weekly log'!$B$7:$B$1000=$A11),0),0)+6),IF(COUNTIFS('Weekly log'!$A$7:$A$1000,G$6,'Weekly log'!$B$7:$B$1000,$A11)=0,"Missing",IF(COUNTIFS('Weekly log'!$A$7:$A$1000,G$6,'Weekly log'!$B$7:$B$1000,$A11,'Weekly log'!$E$7:$E$1000,"Delivered")>0,"Delivered",IF(COUNTIFS('Weekly log'!$A$7:$A$1000,G$6,'Weekly log'!$B$7:$B$1000,$A11,'Weekly log'!$E$7:$E$1000,"Supported")>0,"Supported","Unverified")))),"Missing") -> Unverified | H11: =IFERROR(HYPERLINK("#'Weekly log'!A"&(MATCH(1,INDEX(('Weekly log'!$A$7:$A$1000=H$6)*('Weekly log'!$B$7:$B$1000=$A11),0),0)+6),IF(COUNTIFS('Weekly log'!$A$7:$A$1000,H$6,'Weekly log'!$B$7:$B$1000,$A11)=0,"Missing",IF(COUNTIFS('Weekly log'!$A$7:$A$1000,H$6,'Weekly log'!$B$7:$B$1000,$A11,'Weekly log'!$E$7:$E$1000,"Delivered")>0,"Delivered",IF(COUNTIFS('Weekly log'!$A$7:$A$1000,H$6,'Weekly log'!$B$7:$B$1000,$A11,'Weekly log'!$E$7:$E$1000,"Supported")>0,"Supported","Unverified")))),"Missing") -> Unverified | I11: =IFERROR(HYPERLINK("#'Weekly log'!A"&(MATCH(1,INDEX(('Weekly log'!$A$7:$A$1000=I$6)*('Weekly log'!$B$7:$B$1000=$A11),0),0)+6),IF(COUNTIFS('Weekly log'!$A$7:$A$1000,I$6,'Weekly log'!$B$7:$B$1000,$A11)=0,"Missing",IF(COUNTIFS('Weekly log'!$A$7:$A$1000,I$6,'Weekly log'!$B$7:$B$1000,$A11,'Weekly log'!$E$7:$E$1000,"Delivered")>0,"Delivered",IF(COUNTIFS('Weekly log'!$A$7:$A$1000,I$6,'Weekly log'!$B$7:$B$1000,$A11,'Weekly log'!$E$7:$E$1000,"Supported")>0,"Supported","Unverified")))),"Missing") -> Delivered
A12: =Team!A12 -> Agah Duzenli | B12: =IFERROR(HYPERLINK("#'Weekly log'!A"&(MATCH(1,INDEX(('Weekly log'!$A$7:$A$1000=B$6)*('Weekly log'!$B$7:$B$1000=$A12),0),0)+6),IF(COUNTIFS('Weekly log'!$A$7:$A$1000,B$6,'Weekly log'!$B$7:$B$1000,$A12)=0,"Missing",IF(COUNTIFS('Weekly log'!$A$7:$A$1000,B$6,'Weekly log'!$B$7:$B$1000,$A12,'Weekly log'!$E$7:$E$1000,"Delivered")>0,"Delivered",IF(COUNTIFS('Weekly log'!$A$7:$A$1000,B$6,'Weekly log'!$B$7:$B$1000,$A12,'Weekly log'!$E$7:$E$1000,"Supported")>0,"Supported","Unverified")))),"Missing") -> Delivered | C12: =IFERROR(HYPERLINK("#'Weekly log'!A"&(MATCH(1,INDEX(('Weekly log'!$A$7:$A$1000=C$6)*('Weekly log'!$B$7:$B$1000=$A12),0),0)+6),IF(COUNTIFS('Weekly log'!$A$7:$A$1000,C$6,'Weekly log'!$B$7:$B$1000,$A12)=0,"Missing",IF(COUNTIFS('Weekly log'!$A$7:$A$1000,C$6,'Weekly log'!$B$7:$B$1000,$A12,'Weekly log'!$E$7:$E$1000,"Delivered")>0,"Delivered",IF(COUNTIFS('Weekly log'!$A$7:$A$1000,C$6,'Weekly log'!$B$7:$B$1000,$A12,'Weekly log'!$E$7:$E$1000,"Supported")>0,"Supported","Unverified")))),"Missing") -> Delivered | D12: =IFERROR(HYPERLINK("#'Weekly log'!A"&(MATCH(1,INDEX(('Weekly log'!$A$7:$A$1000=D$6)*('Weekly log'!$B$7:$B$1000=$A12),0),0)+6),IF(COUNTIFS('Weekly log'!$A$7:$A$1000,D$6,'Weekly log'!$B$7:$B$1000,$A12)=0,"Missing",IF(COUNTIFS('Weekly log'!$A$7:$A$1000,D$6,'Weekly log'!$B$7:$B$1000,$A12,'Weekly log'!$E$7:$E$1000,"Delivered")>0,"Delivered",IF(COUNTIFS('Weekly log'!$A$7:$A$1000,D$6,'Weekly log'!$B$7:$B$1000,$A12,'Weekly log'!$E$7:$E$1000,"Supported")>0,"Supported","Unverified")))),"Missing") -> Delivered | E12: =IFERROR(HYPERLINK("#'Weekly log'!A"&(MATCH(1,INDEX(('Weekly log'!$A$7:$A$1000=E$6)*('Weekly log'!$B$7:$B$1000=$A12),0),0)+6),IF(COUNTIFS('Weekly log'!$A$7:$A$1000,E$6,'Weekly log'!$B$7:$B$1000,$A12)=0,"Missing",IF(COUNTIFS('Weekly log'!$A$7:$A$1000,E$6,'Weekly log'!$B$7:$B$1000,$A12,'Weekly log'!$E$7:$E$1000,"Delivered")>0,"Delivered",IF(COUNTIFS('Weekly log'!$A$7:$A$1000,E$6,'Weekly log'!$B$7:$B$1000,$A12,'Weekly log'!$E$7:$E$1000,"Supported")>0,"Supported","Unverified")))),"Missing") -> Delivered | F12: =IFERROR(HYPERLINK("#'Weekly log'!A"&(MATCH(1,INDEX(('Weekly log'!$A$7:$A$1000=F$6)*('Weekly log'!$B$7:$B$1000=$A12),0),0)+6),IF(COUNTIFS('Weekly log'!$A$7:$A$1000,F$6,'Weekly log'!$B$7:$B$1000,$A12)=0,"Missing",IF(COUNTIFS('Weekly log'!$A$7:$A$1000,F$6,'Weekly log'!$B$7:$B$1000,$A12,'Weekly log'!$E$7:$E$1000,"Delivered")>0,"Delivered",IF(COUNTIFS('Weekly log'!$A$7:$A$1000,F$6,'Weekly log'!$B$7:$B$1000,$A12,'Weekly log'!$E$7:$E$1000,"Supported")>0,"Supported","Unverified")))),"Missing") -> Delivered | G12: =IFERROR(HYPERLINK("#'Weekly log'!A"&(MATCH(1,INDEX(('Weekly log'!$A$7:$A$1000=G$6)*('Weekly log'!$B$7:$B$1000=$A12),0),0)+6),IF(COUNTIFS('Weekly log'!$A$7:$A$1000,G$6,'Weekly log'!$B$7:$B$1000,$A12)=0,"Missing",IF(COUNTIFS('Weekly log'!$A$7:$A$1000,G$6,'Weekly log'!$B$7:$B$1000,$A12,'Weekly log'!$E$7:$E$1000,"Delivered")>0,"Delivered",IF(COUNTIFS('Weekly log'!$A$7:$A$1000,G$6,'Weekly log'!$B$7:$B$1000,$A12,'Weekly log'!$E$7:$E$1000,"Supported")>0,"Supported","Unverified")))),"Missing") -> Delivered | H12: =IFERROR(HYPERLINK("#'Weekly log'!A"&(MATCH(1,INDEX(('Weekly log'!$A$7:$A$1000=H$6)*('Weekly log'!$B$7:$B$1000=$A12),0),0)+6),IF(COUNTIFS('Weekly log'!$A$7:$A$1000,H$6,'Weekly log'!$B$7:$B$1000,$A12)=0,"Missing",IF(COUNTIFS('Weekly log'!$A$7:$A$1000,H$6,'Weekly log'!$B$7:$B$1000,$A12,'Weekly log'!$E$7:$E$1000,"Delivered")>0,"Delivered",IF(COUNTIFS('Weekly log'!$A$7:$A$1000,H$6,'Weekly log'!$B$7:$B$1000,$A12,'Weekly log'!$E$7:$E$1000,"Supported")>0,"Supported","Unverified")))),"Missing") -> Unverified | I12: =IFERROR(HYPERLINK("#'Weekly log'!A"&(MATCH(1,INDEX(('Weekly log'!$A$7:$A$1000=I$6)*('Weekly log'!$B$7:$B$1000=$A12),0),0)+6),IF(COUNTIFS('Weekly log'!$A$7:$A$1000,I$6,'Weekly log'!$B$7:$B$1000,$A12)=0,"Missing",IF(COUNTIFS('Weekly log'!$A$7:$A$1000,I$6,'Weekly log'!$B$7:$B$1000,$A12,'Weekly log'!$E$7:$E$1000,"Delivered")>0,"Delivered",IF(COUNTIFS('Weekly log'!$A$7:$A$1000,I$6,'Weekly log'!$B$7:$B$1000,$A12,'Weekly log'!$E$7:$E$1000,"Supported")>0,"Supported","Unverified")))),"Missing") -> Delivered
A15: Leader-confirmed entries | B15: =COUNTIFS('Weekly log'!$A$7:$A$1000,B$6,'Weekly log'!$F$7:$F$1000,"Confirmed") -> 0 | C15: =COUNTIFS('Weekly log'!$A$7:$A$1000,C$6,'Weekly log'!$F$7:$F$1000,"Confirmed") -> 0 | D15: =COUNTIFS('Weekly log'!$A$7:$A$1000,D$6,'Weekly log'!$F$7:$F$1000,"Confirmed") -> 0 | E15: =COUNTIFS('Weekly log'!$A$7:$A$1000,E$6,'Weekly log'!$F$7:$F$1000,"Confirmed") -> 0 | F15: =COUNTIFS('Weekly log'!$A$7:$A$1000,F$6,'Weekly log'!$F$7:$F$1000,"Confirmed") -> 0 | G15: =COUNTIFS('Weekly log'!$A$7:$A$1000,G$6,'Weekly log'!$F$7:$F$1000,"Confirmed") -> 0 | H15: =COUNTIFS('Weekly log'!$A$7:$A$1000,H$6,'Weekly log'!$F$7:$F$1000,"Confirmed") -> 0 | I15: =COUNTIFS('Weekly log'!$A$7:$A$1000,I$6,'Weekly log'!$F$7:$F$1000,"Confirmed") -> 6
A16: Entries needing details | B16: =COUNTIFS('Weekly log'!$A$7:$A$1000,B$6,'Weekly log'!$E$7:$E$1000,"Unverified") -> 0 | C16: =COUNTIFS('Weekly log'!$A$7:$A$1000,C$6,'Weekly log'!$E$7:$E$1000,"Unverified") -> 2 | D16: =COUNTIFS('Weekly log'!$A$7:$A$1000,D$6,'Weekly log'!$E$7:$E$1000,"Unverified") -> 2 | E16: =COUNTIFS('Weekly log'!$A$7:$A$1000,E$6,'Weekly log'!$E$7:$E$1000,"Unverified") -> 2 | F16: =COUNTIFS('Weekly log'!$A$7:$A$1000,F$6,'Weekly log'!$E$7:$E$1000,"Unverified") -> 3 | G16: =COUNTIFS('Weekly log'!$A$7:$A$1000,G$6,'Weekly log'!$E$7:$E$1000,"Unverified") -> 3 | H16: =COUNTIFS('Weekly log'!$A$7:$A$1000,H$6,'Weekly log'!$E$7:$E$1000,"Unverified") -> 4 | I16: =COUNTIFS('Weekly log'!$A$7:$A$1000,I$6,'Weekly log'!$E$7:$E$1000,"Unverified") -> 0
A17: Log entries recorded | B17: =COUNTIF('Weekly log'!$A$7:$A$1000,B$6) -> 6 | C17: =COUNTIF('Weekly log'!$A$7:$A$1000,C$6) -> 6 | D17: =COUNTIF('Weekly log'!$A$7:$A$1000,D$6) -> 6 | E17: =COUNTIF('Weekly log'!$A$7:$A$1000,E$6) -> 6 | F17: =COUNTIF('Weekly log'!$A$7:$A$1000,F$6) -> 6 | G17: =COUNTIF('Weekly log'!$A$7:$A$1000,G$6) -> 6 | H17: =COUNTIF('Weekly log'!$A$7:$A$1000,H$6) -> 6 | I17: =COUNTIF('Weekly log'!$A$7:$A$1000,I$6) -> 6
A20: Delivered = attributable deliverable Supported = attributable supporting change Unverified = confirm with member
A22: Add a future week: copy the last week column to the right, change its heading, and add six matching rows in Weekly log.

Sheet Weekly log
A1: Weekly contribution log
A2: Edit this table each checkpoint · Six members per week · Confirm evidence before leader sign-off
A4: Filter a week, update the six entries, then confirm. New rows: press Tab in the final table cell.
A6: Week | B6: Member | C6: Contribution / deliverable | D6: Evidence (commit IDs) | E6: Contribution rating | F6: Leader review
A7: Week 3 | B7: Austin Tran Nguyen | C7: Created the trade data dictionary and project proposal; organized the foundation, requirements, and design documents. | D7: 1211953, 4f1d5c4, 70cf2d0 | E7: Delivered | F7: Provisional
A8: Week 3 | B8: Sophia Musetti | C8: Added the finalized transaction workflow diagram for the system-design exercise. | D8: afe8c13 | E8: Delivered | F8: Provisional
A9: Week 3 | B9: Arya Nair | C9: Added the workflow exception and failure paths. | D9: 4c4e0da | E9: Delivered | F9: Provisional
A10: Week 3 | B10: Benjamin Nguyen | C10: Wrote presentation, application-logic, and data-tier responsibility notes. | D10: ad515aa, 0cdcf79 | E10: Delivered | F10: Provisional
A11: Week 3 | B11: Shayaan M. Dawra | C11: Uploaded the architecture diagram for the system-design exercise. | D11: 16b2f64 | E11: Delivered | F11: Provisional
A12: Week 3 | B12: Agah Duzenli | C12: Added the state transition diagram, state definitions, and related transaction documentation. | D12: 2763615 | E12: Delivered | F12: Provisional
A13: Week 4 | B13: Austin Tran Nguyen | C13: Added the semantic transaction page and September 16 live-build HTML; corrected the class form location and CSS reference. | D13: c148e95, 39be58c, 3855c7c | E13: Delivered | F13: Provisional
A14: Week 4 | B14: Sophia Musetti | C14: Updated the transaction-form HTML and cleaned up its comments. | D14: 2ddb1cd, ae3598b | E14: Supported | F14: Provisional
A15: Week 4 | B15: Arya Nair | C15: No attributable repository change located for this checkpoint. Confirm any paired work, reviews, testing, or offline work before approving. | D15: History reviewed through 2026-10-25 | E15: Unverified | F15: Needs details
A16: Week 4 | B16: Benjamin Nguyen | C16: Refined form spacing and a button in the Week 4 form-label exercise. | D16: 8015abe, 829536b | E16: Supported | F16: Provisional
A17: Week 4 | B17: Shayaan M. Dawra | C17: No attributable repository change located for this checkpoint. Confirm any paired work, reviews, testing, or offline work before approving. | D17: History reviewed through 2026-10-25 | E17: Unverified | F17: Needs details
... A54: Week 10 | B54: Agah Duzenli | C54: Temporary update test | D54: Temporary update test | E54: Delivered | F54: Confirmed

Sheet Team
A1: The MarketStreet team
A2: Names and roles match the team charter. The Weekly log member dropdown reads this roster.
A6: Member | B6: Primary role | C6: Git author / account aliases
A7: Austin Tran Nguyen | B7: Team Leader / Requirements & Product | C7: AustinNguyen1; Ausnguy; Austin Nguyen
A8: Sophia Musetti | B8: UI / Accessibility | C8: smusetti-star
A9: Arya Nair | B9: Git / Integration | C9: aryanairv
A10: Benjamin Nguyen | B10: Support / Floater | C10: CloudyCloudCloudy; TrueCloudias; Benjamin N
A11: Shayaan M. Dawra | B11: QA / Documentation | C11: Shayaandawra
A12: Agah Duzenli | B12: JavaScript / Logic / Technical Lead | C12: Agah DUZENLI; agahdznl
